tweet_topic,user_id,user_URL,created_at,URL,tweet_text,sentiment,pos_possibility,neg_possibility,neu_possibility,state,gender,age,count_retweet,count_like,count_reply,original_status_id
covid-vaccine-australia,ozunclefesta, https://twitter.com/ozunclefesta,2020-11-17 14:21:27,https://twitter.com/i/web/status/1328553815839186945,RT @joshburnsmp: It would be deeply irresponsible for Channel 10 @Channel10AU @ViacomCBSANZ to let Pete Evans on @ImACelebrityAU  He has spâ€¦,negative,0.00777,0.87437,0.11786,Victoria,Male,(4-6),0,0,0,1328273672952373248
covid-vaccine-australia,Aus_RichAlex, https://twitter.com/Aus_RichAlex,2020-11-17 08:14:22,https://twitter.com/i/web/status/1328461435442139137,RT @DrEricDing: Key thingâ€”both the new Moderna and Pfizer mRNA vaccines do not contain the virus itselfâ€”just the RNA ðŸ§¬ fragments that encodâ€¦,negative,0.03439,0.49345,0.47216,Tasmania,Female,(25-32),0,0,0,1328362939905171456
covid-vaccine-australia,Asher_Wolf, https://twitter.com/Asher_Wolf,2020-11-17 13:36:51,https://twitter.com/i/web/status/1328542592036864000,"RT @ChloeBouras: Minister Hunt says Australia could potentially have access to the Moderna COVID vaccine through the COVAX facility, but reâ€¦",neutral,0.07053,0.19498,0.73449,Victoria,Female,(38-43),0,0,0,1328536369354850305
covid-vaccine-australia,fatima_ishfaq, https://twitter.com/fatima_ishfaq,2020-11-10 22:01:32,https://twitter.com/i/web/status/1326132884592234496,RT @GregHuntMP: Pfizer has announced it's COVID-19 vaccine is more than 90% effective in preventing the virus.  I spoke w/ Pfizer Australiaâ€¦,positive,0.8201,0.01509,0.16481,New South Wales,Female,(8-12),0,0,0,1326089072859783168
covid-vaccine-australia,shanesheoran, https://twitter.com/shanesheoran,2020-11-16 22:30:57,https://twitter.com/i/web/status/1328314612182179841,RT @7NewsMelbourne: South Australia is staring down the barrel of a second wave of COVID-19 - so can we still expect all state borders to râ€¦,neutral,0.03655,0.2737,0.68975,,Female,(60-100),0,0,0,1328313751674646528
covid-vaccine-australia,mpwoodhead, https://twitter.com/mpwoodhead,2020-11-16 19:27:05,https://twitter.com/i/web/status/1328268343300612096,"I thought there'd be huge fanfare when the first Australia receives #COVID19Aus vaccination. This seems to have gone under the radar, maybe because she got the Chinese vaccine https://t.co/lPr85ga50y",negative,0.03122,0.93755,0.03122,New South Wales,Male,(4-6),0,1,0,
covid-vaccine-australia,DuchessFrida, https://twitter.com/DuchessFrida,2020-11-17 09:42:46,https://twitter.com/i/web/status/1328483682827472897,"Morning mail: Hannah Clarke family's plea, new Covid vaccine, female prison population soars   Family of murdered mother and children call for coercive control laws. Plus: new coronavirus vaccine is 95% effective.  https://t.co/8CyzLhE6R1",neutral,0.42421,0.04403,0.53175,,Male,(25-32),0,0,0,
covid-vaccine-australia,gmopundit, https://twitter.com/gmopundit,2020-11-16 17:47:59,https://twitter.com/i/web/status/1328243401469399042,"RT @WarwickMcKibbin: The COVID 19 outbreak in SA shows that until there is a vaccine, it is critical to practice low cost social distancingâ€¦",neutral,0.08689,0.23938,0.67373,Victoria,Female,(8-12),0,0,0,1328228941694263297
covid-vaccine-australia,DrDayaSharma, https://twitter.com/DrDayaSharma,2020-11-17 06:10:48,https://twitter.com/i/web/status/1328430338071089152,@ACTINOSProject @devisridhar Prof @devisridhar has consistently been one of the best public health advocates throughout this pandemic. Iâ€™d like to hear more about a ring vaccination strategy in Australia though. But our biggest problem is the rest of the world; weâ€™re not safe until everyone else is.,positive,0.50891,0.03932,0.45177,New South Wales,Male,(38-43),0,0,0,1328426340572307456
covid-vaccine-australia,darylgibson, https://twitter.com/darylgibson,2020-11-17 12:58:23,https://twitter.com/i/web/status/1328532910974980097,"RT @JoshButler: health minister Greg Hunt, asked about the Moderna COVID vaccine (94% effective in a new study, but which Australia doesn'tâ€¦",neutral,0.08871,0.19952,0.71177,,Female,(38-43),0,0,0,1328532679537528832
covid-vaccine-australia,DanWilsonMD, https://twitter.com/DanWilsonMD,2020-11-17 17:56:49,https://twitter.com/i/web/status/1328608012626366464,"RT @ama_media: If Australia can maintain high vaccination rates, improved hygiene and a level of social distancing, including wearing masksâ€¦",neutral,0.18542,0.07798,0.73661,,Male,(38-43),0,0,0,1328564020559945729
covid-vaccine-australia,aussie_sunset, https://twitter.com/aussie_sunset,2020-11-17 09:08:27,https://twitter.com/i/web/status/1328475044096434183,"RT @mmpadellan: Just want to remind everyone while #WhiteHouseKaren and his idiot Ivanka are trying to take credit for the Moderna vaccine,â€¦",negative,0.00373,0.86409,0.13218,,Male,(25-32),0,0,0,1328367565824024576
covid-vaccine-australia,ladywhitepeace1, https://twitter.com/ladywhitepeace1,2020-11-16 18:41:10,https://twitter.com/i/web/status/1328256787523334144,"Australia is 'on track' to deliver a coronavirus vaccine by March next year, Greg Hunt says  https://t.co/TFwUnigTeJ @SBSNews",positive,0.5319,0.13247,0.33563,New South Wales,Female,(48-53),0,0,0,
covid-vaccine-australia,GregHuntMP, https://twitter.com/GregHuntMP,2020-11-16 22:47:02,https://twitter.com/i/web/status/1328318662743187457,RT @7NewsMelbourne: South Australia is staring down the barrel of a second wave of COVID-19 - so can we still expect all state borders to râ€¦,neutral,0.03655,0.2737,0.68975,Victoria,Female,(25-32),0,0,0,1328313751674646528
covid-vaccine-australia,JoshButler, https://twitter.com/JoshButler,2020-11-17 12:57:28,https://twitter.com/i/web/status/1328532679537528832,"health minister Greg Hunt, asked about the Moderna COVID vaccine (94% effective in a new study, but which Australia doesn't have a deal for) says we could potentially have access through the COVAX facility  i.e. we're not looking at getting this one right now",negative,0.00824,0.67547,0.31629,New South Wales,Female,(0-2),0,15,1,
covid-vaccine-australia,JoshButler, https://twitter.com/JoshButler,2020-11-17 13:01:19,https://twitter.com/i/web/status/1328533649415782400,"Hunt points out we've already got a deal for the Pfizer vaccine (which is also an mRNA vaccine, like the Moderna)   Australia currently has 4 different vaccine deals, including enough Pfizer for 5 million people https://t.co/jTlGPtjEEa",negative,0.00987,0.98026,0.00987,New South Wales,Female,(0-2),0,4,0,1328532679537528832
covid-vaccine-australia,AllderLadd, https://twitter.com/AllderLadd,2020-11-17 09:37:09,https://twitter.com/i/web/status/1328482270311714817,RT @joshburnsmp: It would be deeply irresponsible for Channel 10 @Channel10AU @ViacomCBSANZ to let Pete Evans on @ImACelebrityAU  He has spâ€¦,negative,0.00777,0.87437,0.11786,,Female,(38-43),0,0,0,1328273672952373248
covid-vaccine-australia,YonSolitary, https://twitter.com/YonSolitary,2020-10-27 00:37:03,https://twitter.com/i/web/status/1320736200836083712,"RT @YonSolitary: Soon, Australia will allow (re)entry into the country only if you've taken the C19 Vax ðŸ–•  The [Digital Passenger Card] DPâ€¦",neutral,0.02115,0.46445,0.51439,Victoria,Female,(38-43),0,0,0,1320099402527076352
covid-vaccine-australia,YonSolitary, https://twitter.com/YonSolitary,2020-11-16 14:00:12,https://twitter.com/i/web/status/1328186079137042440,"RT @YonSolitary: Soon, Australia will allow (re)entry into the country only if you've taken the C19 Vax ðŸ–•  The [Digital Passenger Card] DPâ€¦",neutral,0.02115,0.46445,0.51439,Victoria,Female,(38-43),0,0,0,1320099402527076352
covid-vaccine-australia,Sunsplashsun, https://twitter.com/Sunsplashsun,2020-11-17 10:06:11,https://twitter.com/i/web/status/1328489574578888705,RT @DrEricDing: Key thingâ€”both the new Moderna and Pfizer mRNA vaccines do not contain the virus itselfâ€”just the RNA ðŸ§¬ fragments that encodâ€¦,negative,0.03439,0.49345,0.47216,,Female,(25-32),0,0,0,1328362939905171456
covid-vaccine-australia,StuartMediaNews, https://twitter.com/StuartMediaNews,2020-11-16 17:13:24,https://twitter.com/i/web/status/1328234701794938880,RT @PoliBard: Who in Australia should get the first 5 million doses of any eventual COVID vaccine?,negative,0.01275,0.52551,0.46174,,,,0,0,0,1328156221468119040
covid-vaccine-australia,JackoWadsworth, https://twitter.com/JackoWadsworth,2020-11-10 21:08:52,https://twitter.com/i/web/status/1326119630193061888,RT @GregHuntMP: Pfizer has announced it's COVID-19 vaccine is more than 90% effective in preventing the virus.  I spoke w/ Pfizer Australiaâ€¦,positive,0.8201,0.01509,0.16481,,,,0,0,0,1326089072859783168
covid-vaccine-australia,ozbob13, https://twitter.com/ozbob13,2020-11-17 05:09:27,https://twitter.com/i/web/status/1328414897730850816,"Vaccine can be kept in fridge for up to 30 days, Moderna says https://t.co/r5eCmrDLdk",positive,0.44622,0.115,0.43878,Queensland,,,0,0,0,
covid-vaccine-australia,ThisiPhone1, https://twitter.com/ThisiPhone1,2020-11-17 12:59:33,https://twitter.com/i/web/status/1328533206153396225,"RT @JoshButler: health minister Greg Hunt, asked about the Moderna COVID vaccine (94% effective in a new study, but which Australia doesn'tâ€¦",neutral,0.08871,0.19952,0.71177,Victoria,,,0,0,0,1328532679537528832
covid-vaccine-australia,KuchelLiz, https://twitter.com/KuchelLiz,2020-11-17 21:09:22,https://twitter.com/i/web/status/1328656468548018176,"@RealEricDane In South Australia we had been COVID free for 8 months. Not 1 case! Now 1 care worker got the disease from a traveller returning to Aus. We now have 20 cases and are moving towards lockdown again. It does work, but vaccines are our only long term help.",neutral,0.05294,0.34272,0.60433,,,,0,1,0,1328565563090636800
covid-vaccine-australia,AustraliaPossum, https://twitter.com/AustraliaPossum,2020-11-16 22:59:11,https://twitter.com/i/web/status/1328321720415969283,RT @7NewsMelbourne: South Australia is staring down the barrel of a second wave of COVID-19 - so can we still expect all state borders to râ€¦,neutral,0.03655,0.2737,0.68975,Victoria,,,0,0,0,1328313751674646528
covid-vaccine-australia,seasonsall4, https://twitter.com/seasonsall4,2020-11-17 11:16:15,https://twitter.com/i/web/status/1328507207986548736,So being a contestant in a cooking show is all it takes to merit celeb status in Australia? Ffs the 3 aussies who mapped COVID making a vaccine possible and in just a few weeks! Anyone heard more on em? Know their names? Humans are a fucking plague! https://t.co/E8GBPJSfKK,negative,0.00219,0.94002,0.05779,,,,0,0,0,
covid-vaccine-australia,fourlarks3d, https://twitter.com/fourlarks3d,2020-11-17 06:49:28,https://twitter.com/i/web/status/1328440071582674944,RT @tonykevin: Interesting thread on #CSL (formerly publicly owned Commonwealth Serum Laboratories) .The last 20 years in Australia in micrâ€¦,positive,0.63049,0.02198,0.34753,South Australia,,,0,0,0,1328430584784330753
covid-vaccine-australia,GuardianAus, https://twitter.com/GuardianAus,2020-11-17 06:16:57,https://twitter.com/i/web/status/1328431884947369991,"Morning mail: Hannah Clarke family's plea, new Covid vaccine, female prison population soars https://t.co/4apOOQTvHH",neutral,0.27253,0.06114,0.66633,,,,1,1,0,
covid-vaccine-australia,AussieAnxious, https://twitter.com/AussieAnxious,2020-11-17 06:45:47,https://twitter.com/i/web/status/1328439144436047872,@crynbrian @Sysngn https://t.co/fMAieK3THq they have secured over 130million doses between a few vaccines,neutral,0.09718,0.18946,0.71336,,,,0,0,0,1328261878322130944
covid-vaccine-australia,aus_hol, https://twitter.com/aus_hol,2020-11-17 13:43:49,https://twitter.com/i/web/status/1328544344995872768,RT @garrcie: being against student loan debt forgiveness because you already paid off your debt is like being against a covid vaccine becauâ€¦,negative,0.00415,0.87089,0.12496,,,,0,0,0,1328412566834524160
covid-vaccine-australia,10NewsFirstSyd, https://twitter.com/10NewsFirstSyd,2020-11-17 13:24:54,https://twitter.com/i/web/status/1328539584238522368,"RT @ChloeBouras: Minister Hunt says Australia could potentially have access to the Moderna COVID vaccine through the COVAX facility, but reâ€¦",neutral,0.07053,0.19498,0.73449,New South Wales,,,0,0,0,1328536369354850305
covid-vaccine-australia,SensibleSenta, https://twitter.com/SensibleSenta,2020-11-16 12:38:49,https://twitter.com/i/web/status/1328165600003190784,Kids under 18 Australia Vaccine Survey: Parents of children under 18 is it likely on present thinking that you will give or suggest your children have a covid vaccine if it is available in 2021 and officially approved by the TGA? Please share this survey. Feel free to comment.,neutral,0.10281,0.10318,0.79401,New South Wales,,,0,2,0,
covid-vaccine-australia,InfectedBloodAu, https://twitter.com/InfectedBloodAu,2020-11-16 23:04:13,https://twitter.com/i/web/status/1328322986068197376,Watch how #COVID-19 #vaccine manufacturer #CSL breached its legal 'duty of candour' when it misled an investigation into the importation and mixing of foreign blood into Australia's blood supply.    #ContaminatedBlood @riseupmelbourne @BoliqueAna   https://t.co/RV4rPEgQzw,negative,0.01253,0.79081,0.19666,,,,0,1,0,
covid-vaccine-australia,InfectedBloodAu, https://twitter.com/InfectedBloodAu,2020-11-17 16:16:41,https://twitter.com/i/web/status/1328582813478694921,@CoZza_86 The article doesn't mention the foreign blood that was 'mixed' into Australia's blood supply by Covid19 vaccine maker #CSL.    Wanna avoid coerced CSL vaccinations?  Just ask them about lying under oath about mixing in contaminated blood from overseas.,negative,0.03868,0.92263,0.03868,,,,0,1,0,1328580714862940164
covid-vaccine-australia,martinaticloud1, https://twitter.com/martinaticloud1,2020-11-17 14:07:51,https://twitter.com/i/web/status/1328550393861705728,RT @joshburnsmp: It would be deeply irresponsible for Channel 10 @Channel10AU @ViacomCBSANZ to let Pete Evans on @ImACelebrityAU  He has spâ€¦,negative,0.00777,0.87437,0.11786,,,,0,0,0,1328273672952373248
covid-vaccine-australia,tallulahbug, https://twitter.com/tallulahbug,2020-11-17 09:32:40,https://twitter.com/i/web/status/1328481141205057537,RT @joshburnsmp: It would be deeply irresponsible for Channel 10 @Channel10AU @ViacomCBSANZ to let Pete Evans on @ImACelebrityAU  He has spâ€¦,negative,0.00777,0.87437,0.11786,,,,0,0,0,1328273672952373248
covid-vaccine-australia,JohnHar05308095, https://twitter.com/JohnHar05308095,2020-11-16 19:21:03,https://twitter.com/i/web/status/1328266825122004992,RT @Sysngn: Why does Australia have to make 3 times the amount of COVID-19 vaccine. Where is it going to and who is paying for it. I don'tâ€¦,negative,0.00239,0.8905,0.10711,Queensland,,,0,0,0,1328243210934657025
covid-vaccine-australia,megettingbetter, https://twitter.com/megettingbetter,2020-11-17 21:55:08,https://twitter.com/i/web/status/1328667989915230208,"RT @mmpadellan: Just want to remind everyone while #WhiteHouseKaren and his idiot Ivanka are trying to take credit for the Moderna vaccine,â€¦",negative,0.00373,0.86409,0.13218,Victoria,,,0,0,0,1328367565824024576
covid-vaccine-australia,Blockchainer9, https://twitter.com/Blockchainer9,2020-11-16 19:50:35,https://twitter.com/i/web/status/1328274255679692802,americas and europes covid cases keep climbing daily records set the day before. this aint looking good no back to normal untill australia develops a real vaccine  jobless rates keep climbing  every business will be hit hard low turnover please execute damage control please,negative,0.00361,0.91376,0.08263,New South Wales,,,0,0,0,
covid-vaccine-australia,7NewsMelbourne, https://twitter.com/7NewsMelbourne,2020-11-16 22:27:31,https://twitter.com/i/web/status/1328313751674646528,South Australia is staring down the barrel of a second wave of COVID-19 - so can we still expect all state borders to reopen by Christmas? Health Minister @GregHuntMP joins The Latest to discuss this and Melbourne's new billion-dollar vaccine production facility. #TheLatest https://t.co/ruCDDS09GP,neutral,0.14039,0.05839,0.80121,Victoria,,,1,10,0,
covid-vaccine-australia,EliteOzzy, https://twitter.com/EliteOzzy,2020-11-16 17:45:17,https://twitter.com/i/web/status/1328242722264604673,RT @marco_vrg: #Vaccine focus drives Asian #stocks to record highs https://t.co/gFaniSbm7A #Asia #China #Japan #economy #markets #virus #paâ€¦,neutral,0.45535,0.05799,0.48665,Victoria,,,0,0,0,1328236564175089664
covid-vaccine-australia,Paul48355351, https://twitter.com/Paul48355351,2020-11-17 06:50:06,https://twitter.com/i/web/status/1328440227585609728,The recovery rate from COVID is 99.94%  Why are politicians pushing a vaccine we don't need?  Australia is messed up https://t.co/GgnamXJ3EP,negative,0.00174,0.94377,0.05449,,,,0,2,0,
covid-vaccine-australia,DownSyndromeAu, https://twitter.com/DownSyndromeAu,2020-11-16 07:38:58,https://twitter.com/i/web/status/1328090138757349376,"RT @AfdoOffice: The Australian #COVID19 Vaccination Policy has been published, which outlines the approach to providing COVID-19 vaccines iâ€¦",neutral,0.17442,0.08543,0.74014,,,,0,0,0,1327841952436346880
covid-vaccine-australia,Carlosraulpined, https://twitter.com/Carlosraulpined,2020-11-16 22:48:19,https://twitter.com/i/web/status/1328318982382764032,RT @7NewsAustralia: South Australia is staring down the barrel of a second wave of COVID-19 - so can we still expect all state borders to râ€¦,neutral,0.03655,0.2737,0.68975,,,,0,0,0,1328313751645220865
covid-vaccine-australia,RavnCatMama, https://twitter.com/RavnCatMama,2020-11-17 20:01:03,https://twitter.com/i/web/status/1328639278058852352,"@minki_mii @ravnthecoolguy Well Australia where Iâ€™m from we found the cure and made a vaccine to put an end to COVID and I hope that other countries can make vaccines as well to stop COVID and itâ€™s pretty scary for the northern hemisphere because of winter and now Europe, Asia and The U.S are going to",neutral,0.36508,0.07193,0.56299,,,,0,0,1,1328637621757612034
covid-vaccine-australia,RavnCatMama, https://twitter.com/RavnCatMama,2020-11-17 20:03:02,https://twitter.com/i/web/status/1328639779370459138,@minki_mii @ravnthecoolguy Have a third wave and I donâ€™t know what is going to happen in Australia I know it is going to be summer and I hope our heatwave can kill COVID but the problem is we had air conditioning it might things worst but letâ€™s pray we get this vaccine going before next year,negative,0.00882,0.72506,0.26612,,,,0,0,0,1328639278058852352
covid-vaccine-australia,JohnF135, https://twitter.com/JohnF135,2020-11-16 19:25:50,https://twitter.com/i/web/status/1328268026790088704,RT @Sysngn: Why does Australia have to make 3 times the amount of COVID-19 vaccine. Where is it going to and who is paying for it. I don'tâ€¦,negative,0.00239,0.8905,0.10711,,,,0,0,0,1328243210934657025
covid-vaccine-australia,clipperfanaus, https://twitter.com/clipperfanaus,2020-11-17 11:27:36,https://twitter.com/i/web/status/1328510065079320576,@jimmill85089640 @YahyaJohn @kylegriffin1 You are on fkn crack australia has got a vaccine coming out around same time if not b4 wake up to yourself he has done NOTHING for covid,negative,0.00247,0.93377,0.06376,,,,0,0,0,1328509197588312072
covid-vaccine-australia,sarahh029, https://twitter.com/sarahh029,2020-11-16 23:12:12,https://twitter.com/i/web/status/1328324995127250944,RT @newscomauHQ: #BREAKING: US biomedical giant Moderna has announced its #COVID19 vaccine candidate shows nearly 95 per cent efficacy in eâ€¦,positive,0.8352,0.01818,0.14661,,,,0,0,0,1328316300951576578
covid-vaccine-australia,GPT_Rollison, https://twitter.com/GPT_Rollison,2020-11-16 14:37:38,https://twitter.com/i/web/status/1328195501473206272,Interesting discussion of how Australia has solved climate policy with climate refugees. https://t.co/K1Ja6jY5OZ,negative,0.01565,0.9687,0.01565,,,,0,0,0,1328190461664653314
covid-vaccine-australia,BetterAccessAus, https://twitter.com/BetterAccessAus,2020-11-16 15:13:22,https://twitter.com/i/web/status/1328204491313672195,#pharmadispatch2020 Kristie Kelsi - COVID19 has shone a light on the importance of vaccines. Aus commitment to CSL vaccine facility now needs to be replicated on HTA value - govt needs to review. @CSL @GSK @pfizer @sanofi @msd #medicines #health #auspol,neutral,0.05953,0.25573,0.68474,,,,0,0,0,
covid-vaccine-australia,isabelle_nova, https://twitter.com/isabelle_nova,2020-11-17 14:35:40,https://twitter.com/i/web/status/1328557392733224961,RT @garrcie: being against student loan debt forgiveness because you already paid off your debt is like being against a covid vaccine becauâ€¦,negative,0.00415,0.87089,0.12496,,,,0,0,0,1328412566834524160
covid-vaccine-australia,ridetoworkpol, https://twitter.com/ridetoworkpol,2020-11-17 07:22:56,https://twitter.com/i/web/status/1328448490909831168,@strollingrabbi The end of Covid is still at least 12 months away if the vaccines work.  We can't wait one day to accelerate action on climate change.   Unfortunately here in Australia we need radical political change to just get started.,negative,0.02711,0.62146,0.35143,,,,0,1,0,1328326296800174080
covid-vaccine-australia,KajalDhanda, https://twitter.com/KajalDhanda,2020-11-17 16:50:49,https://twitter.com/i/web/status/1328591405653037056,"RT @hr69809906: #Bringusbacktoaus  World is  few weeks away for magical vaccine (#COVID19 ), but how far we international students are to eâ€¦",neutral,0.08035,0.20298,0.71667,,,,0,0,0,1328573879674150914
covid-vaccine-australia,KajalDhanda, https://twitter.com/KajalDhanda,2020-11-17 16:50:58,https://twitter.com/i/web/status/1328591440377679876,RT @Vijay_reddy1950: @AustraliaTRVisa @AlanTudgeMP @ScottMorrisonMP #Bringusbacktoaus #InternationalStudentstoaus  World is  few weeks awayâ€¦,neutral,0.17385,0.12319,0.70296,,,,0,0,0,1328556402009260032
covid-vaccine-australia,KajalDhanda, https://twitter.com/KajalDhanda,2020-11-17 19:42:53,https://twitter.com/i/web/status/1328634704816336896,"#LetUsBackToAus   World is  few weeks away for magical vaccine (#COVID19 ), but how far we international students are to enter Australia #LetUsBackToAus  #InternationalStudentsAustralia @arshpreetjatan @ScottMorrisonMP @AlanTudgeMP @UTAS_ @UNOCHA @UN @UNHumanRights @ausgov",neutral,0.06642,0.25685,0.67673,,,,0,4,0,
covid-vaccine-australia,KajalDhanda, https://twitter.com/KajalDhanda,2020-11-17 19:59:09,https://twitter.com/i/web/status/1328638801493647360,"RT @KajalDhanda: #LetUsBackToAus   World is  few weeks away for magical vaccine (#COVID19 ), but how far we international students are to eâ€¦",neutral,0.04732,0.2692,0.68348,,,,0,0,0,1328634704816336896
covid-vaccine-australia,unique_soul16, https://twitter.com/unique_soul16,2020-11-17 19:14:43,https://twitter.com/i/web/status/1328627619290513408,"RT @hr69809906: #Bringusbacktoaus  World is  few weeks away for magical vaccine (#COVID19 ), but how far we international students are to eâ€¦",neutral,0.08035,0.20298,0.71667,,,,0,0,0,1328573879674150914
covid-vaccine-australia,unique_soul16, https://twitter.com/unique_soul16,2020-11-17 19:14:48,https://twitter.com/i/web/status/1328627640098377729,RT @Vijay_reddy1950: @AustraliaTRVisa @AlanTudgeMP @ScottMorrisonMP #Bringusbacktoaus #InternationalStudentstoaus  World is  few weeks awayâ€¦,neutral,0.17385,0.12319,0.70296,,,,0,0,0,1328556402009260032
covid-vaccine-australia,unique_soul16, https://twitter.com/unique_soul16,2020-11-17 20:03:35,https://twitter.com/i/web/status/1328639914095771648,"RT @KajalDhanda: #LetUsBackToAus   World is  few weeks away for magical vaccine (#COVID19 ), but how far we international students are to eâ€¦",neutral,0.04732,0.2692,0.68348,,,,0,0,0,1328634704816336896
covid-vaccine-australia,AustraliaTRVisa, https://twitter.com/AustraliaTRVisa,2020-11-10 20:53:29,https://twitter.com/i/web/status/1326115758095691776,RT @GregHuntMP: Pfizer has announced it's COVID-19 vaccine is more than 90% effective in preventing the virus.  I spoke w/ Pfizer Australiaâ€¦,positive,0.8201,0.01509,0.16481,,,,0,0,0,1326089072859783168
covid-vaccine-australia,MukeshP89671996, https://twitter.com/MukeshP89671996,2020-11-17 15:46:51,https://twitter.com/i/web/status/1328575307000008704,"Vaccine for covid-19 is on the way people... This is wonderful news.. almost many countries r on the very phase of savings life.. U.K, USA. Russia, Australia n even india too.. wonderful",positive,0.95569,0.00458,0.03972,,,,0,0,0,
covid-vaccine-australia,xaviersymons, https://twitter.com/xaviersymons,2020-11-16 13:38:46,https://twitter.com/i/web/status/1328180687090765824,I wrote this article recently for Catholic Health Austalia on #COVID19  #vaccine  distribution in Australia. The Australian Technical Advisory Group on Immunisation (ATAGI) must make their COVID-19 vaccine distribution advice available to the public.   https://t.co/D3emVT5wlH,negative,0.02518,0.51381,0.46101,,,,0,2,0,
covid-vaccine-australia,AceJTrent, https://twitter.com/AceJTrent,2020-11-17 12:10:34,https://twitter.com/i/web/status/1328520877139378179,"Bye, Pete. The deliciousness of your coconut water does not outweigh your harmful ignorance. Goodbye.  When #peteevans' Sydney house was up for sale I should have crowd-funded to buy it and turn it into a vaccine research facility.  https://t.co/1B09t22y66",negative,0.01331,0.97337,0.01331,New South Wales,,,0,0,0,
covid-vaccine-australia,Biz_Services_AU, https://twitter.com/Biz_Services_AU,2020-11-16 15:05:17,https://twitter.com/i/web/status/1328202458548498432,"The expected rapid, mass roll out of a COVID19 vaccine in Australia has reignited debate over Australiaâ€™s need for a national vaccine injury compensation scheme (VICS).  #vaccinesafety #vaccinecompensation #vaccineinjury #health https://t.co/T6T479wQmj",neutral,0.11701,0.28493,0.59806,,,,0,0,0,
covid-vaccine-australia,Aj2, https://twitter.com/Aj2,2020-11-16 14:50:10,https://twitter.com/i/web/status/1328198653614247936,@SkyNewsAust @GregHuntMP You can keep your damn vaccine. we wont take it. THIS COVID PLANDEMIC will not stand in australia. - We REFUSE  your GREAT RESET plans - DO NOT TRY IT HERE.,negative,0.00217,0.95211,0.04572,South Australia,,,0,4,0,1328198060241866752
covid-vaccine-australia,krzhope, https://twitter.com/krzhope,2020-11-17 14:00:40,https://twitter.com/i/web/status/1328548585860861952,RT @DrEricDing: Key thingâ€”both the new Moderna and Pfizer mRNA vaccines do not contain the virus itselfâ€”just the RNA ðŸ§¬ fragments that encodâ€¦,negative,0.03439,0.49345,0.47216,Northern Territory,,,0,0,0,1328362939905171456
covid-vaccine-australia,mdturner, https://twitter.com/mdturner,2020-11-16 18:14:57,https://twitter.com/i/web/status/1328250187995705346,RT @Sysngn: Why does Australia have to make 3 times the amount of COVID-19 vaccine. Where is it going to and who is paying for it. I don'tâ€¦,negative,0.00239,0.8905,0.10711,,,,0,0,0,1328243210934657025
covid-vaccine-australia,political_alert, https://twitter.com/political_alert,2020-11-10 19:08:49,https://twitter.com/i/web/status/1326089417354747904,RT @GregHuntMP: Pfizer has announced it's COVID-19 vaccine is more than 90% effective in preventing the virus.  I spoke w/ Pfizer Australiaâ€¦,positive,0.8201,0.01509,0.16481,ACT,,,0,0,0,1326089072859783168
covid-vaccine-australia,craigthomler, https://twitter.com/craigthomler,2020-11-17 10:10:54,https://twitter.com/i/web/status/1328490763496263680,RT @joshburnsmp: It would be deeply irresponsible for Channel 10 @Channel10AU @ViacomCBSANZ to let Pete Evans on @ImACelebrityAU  He has spâ€¦,negative,0.00777,0.87437,0.11786,ACT,,,0,0,0,1328273672952373248
covid-vaccine-australia,newscomauHQ, https://twitter.com/newscomauHQ,2020-11-16 22:37:39,https://twitter.com/i/web/status/1328316300951576578,"#BREAKING: US biomedical giant Moderna has announced its #COVID19 vaccine candidate shows nearly 95 per cent efficacy in early trials, adding to hope of an end to the pandemic.  Details: https://t.co/9QDMJ4fQun https://t.co/pUuPtQh3I3",positive,0.94175,0.00537,0.05288,,,,1,55,0,
covid-vaccine-australia,DeanxoxoxoAus, https://twitter.com/DeanxoxoxoAus,2020-11-17 19:40:18,https://twitter.com/i/web/status/1328634058033623042,"RT @ausgov: Two more potential COVID-19 vaccines have been secured for Australians under new agreements, bringing the Australian Governmentâ€¦",neutral,0.38043,0.07169,0.54789,,,,0,0,0,1324169572568752131
covid-vaccine-australia,FeathersMcGee, https://twitter.com/FeathersMcGee,2020-11-17 09:57:40,https://twitter.com/i/web/status/1328487432459673600,RT @joshburnsmp: It would be deeply irresponsible for Channel 10 @Channel10AU @ViacomCBSANZ to let Pete Evans on @ImACelebrityAU  He has spâ€¦,negative,0.00777,0.87437,0.11786,Queensland,,,0,0,0,1328273672952373248
covid-vaccine-australia,Aushiker, https://twitter.com/Aushiker,2020-11-17 09:28:02,https://twitter.com/i/web/status/1328479975394201601,RT @joshburnsmp: It would be deeply irresponsible for Channel 10 @Channel10AU @ViacomCBSANZ to let Pete Evans on @ImACelebrityAU  He has spâ€¦,negative,0.00777,0.87437,0.11786,Western Australia,,,0,0,0,1328273672952373248
covid-vaccine-australia,7NewsSydney, https://twitter.com/7NewsSydney,2020-11-16 22:27:31,https://twitter.com/i/web/status/1328313751674634241,South Australia is staring down the barrel of a second wave of COVID-19 - so can we still expect all state borders to reopen by Christmas? Health Minister @GregHuntMP joins The Latest to discuss this and Melbourne's new billion-dollar vaccine production facility. #TheLatest https://t.co/dRyXJXZ60m,neutral,0.14334,0.04997,0.80669,New South Wales,,,0,2,0,
covid-vaccine-australia,pprevos, https://twitter.com/pprevos,2020-11-17 16:59:18,https://twitter.com/i/web/status/1328593539131990018,"@Marissavu It will be a while before a vaccine is distributed to hundreds of millions of people. Hang in there. We are relatively Covid free here in Australia, so life is pretty OK.",neutral,0.03607,0.17617,0.78776,,,,0,1,0,1328550046023880705
covid-vaccine-australia,JOHNJOHNSTONED, https://twitter.com/JOHNJOHNSTONED,2020-11-17 17:06:04,https://twitter.com/i/web/status/1328595242992406528,"We now understand how this virus spreads â€“ through droplets, small aerosol particles and on surfaces â€“ and that aerosols are probably the most significant transmission route.  @CollignonPeter @mdjkf @PLR_aus @ACIPC @Josh_S_Davis @peripatetical     https://t.co/KJPmuA30E2",neutral,0.34723,0.0782,0.57457,,,,0,3,0,
covid-vaccine-australia,Aus_Contrarian, https://twitter.com/Aus_Contrarian,2020-11-17 06:11:15,https://twitter.com/i/web/status/1328430450604314624,RT @joshburnsmp: It would be deeply irresponsible for Channel 10 @Channel10AU @ViacomCBSANZ to let Pete Evans on @ImACelebrityAU  He has spâ€¦,negative,0.00777,0.87437,0.11786,Queensland,,,0,0,0,1328273672952373248
covid-vaccine-australia,SitarKhani, https://twitter.com/SitarKhani,2020-11-17 10:00:56,https://twitter.com/i/web/status/1328488252685205504,RT @BloombergAU: Warren Buffettâ€™s Berkshire Hathaway is betting on big pharma as the industryâ€™s fortunes swing on the development of a Coviâ€¦,positive,0.52533,0.05454,0.42013,,,,0,0,0,1328488126134804486
covid-vaccine-australia,healthcareprof, https://twitter.com/healthcareprof,2020-11-16 14:16:07,https://twitter.com/i/web/status/1328190083153817600,@ProfPaulYoung kicked off our afternoon at #bioconnectionsaus with a case study on 'Translating Research at Unprecedented Speeds: Developing a Novel COVID-19 Vaccine in Australia'. #clinicaltrials #biotech #medicalresearch https://t.co/SLxy1CJUDz,positive,0.85382,0.01107,0.13512,,,,0,1,0,
covid-vaccine-australia,sampson305rw, https://twitter.com/sampson305rw,2020-11-16 18:56:35,https://twitter.com/i/web/status/1328260666814152705,RT @Sysngn: Why does Australia have to make 3 times the amount of COVID-19 vaccine. Where is it going to and who is paying for it. I don'tâ€¦,negative,0.00239,0.8905,0.10711,Tasmania,,,0,0,0,1328243210934657025
covid-vaccine-australia,see_em_ay_more, https://twitter.com/see_em_ay_more,2020-11-16 22:19:04,https://twitter.com/i/web/status/1328311623061180416,Watch it here: https://t.co/T01oCxoLWr https://t.co/RZnj1nVlPm,neutral,0.12258,0.0713,0.80612,,,,0,0,0,
covid-vaccine-australia,6Medic, https://twitter.com/6Medic,2020-11-16 20:03:24,https://twitter.com/i/web/status/1328277481866948608,RT @Sysngn: Why does Australia have to make 3 times the amount of COVID-19 vaccine. Where is it going to and who is paying for it. I don'tâ€¦,negative,0.00239,0.8905,0.10711,New South Wales,,,0,0,0,1328243210934657025
covid-vaccine-australia,woan, https://twitter.com/woan,2020-11-17 14:40:43,https://twitter.com/i/web/status/1328558664412585986,RT @DrEricDing: Key thingâ€”both the new Moderna and Pfizer mRNA vaccines do not contain the virus itselfâ€”just the RNA ðŸ§¬ fragments that encodâ€¦,negative,0.03439,0.49345,0.47216,Western Australia,,,0,0,0,1328362939905171456
covid-vaccine-australia,AustraliaPM, https://twitter.com/AustraliaPM,2020-11-16 12:33:00,https://twitter.com/i/web/status/1328164135935369217,PM to announce $800 million vaccine factory: https://t.co/ib07w78x4b #auspol #australiapm,neutral,0.13199,0.17525,0.69275,,,,0,0,0,
covid-vaccine-australia,CommSec, https://twitter.com/CommSec,2020-11-17 16:33:25,https://twitter.com/i/web/status/1328587026191577088,"[VIDEO] Market Close: The Aussie market lifted slightly following more optimism around a COVID-19 vaccine. The ASX 200 lifted 0.2% or 13.9pts to 6,498 as banking, energy &amp; travel stocks outperformed while tech &amp; safe havens fell https://t.co/hVNtc7hnjj #ausbiz",neutral,0.32007,0.06274,0.61719,,,,0,2,0,
covid-vaccine-australia,CommSec, https://twitter.com/CommSec,2020-11-17 19:30:00,https://twitter.com/i/web/status/1328631464821342208,"[VIDEO] Market Close: The Aussie market lifted slightly following more optimism around a COVID-19 vaccine. The ASX 200 lifted 0.2% or 13.9pts to 6,498 as banking, energy &amp; travel stocks outperformed while tech &amp; safe havens fell https://t.co/hVNtc6ZLUJ #ausbiz",neutral,0.32007,0.06274,0.61719,,,,0,2,0,
covid-vaccine-australia,moniquehore, https://twitter.com/moniquehore,2020-11-16 10:17:53,https://twitter.com/i/web/status/1328130132242886656,RT @tminear: Via @tamsinroses: Australia will be better prepared for future pandemics and flu seasons thanks to a huge vaccine factory thatâ€¦,positive,0.46695,0.08716,0.44589,Victoria,,,0,0,0,1328115752579203072
covid-vaccine-australia,Lezavp, https://twitter.com/Lezavp,2020-11-17 20:00:16,https://twitter.com/i/web/status/1328639082927251456,"RT @mmpadellan: Just want to remind everyone while #WhiteHouseKaren and his idiot Ivanka are trying to take credit for the Moderna vaccine,â€¦",negative,0.00373,0.86409,0.13218,Victoria,,,0,0,0,1328367565824024576
covid-vaccine-australia,HarrisHeidi, https://twitter.com/HarrisHeidi,2020-09-17 21:46:03,https://twitter.com/i/web/status/1306560043706277888,RT @coronaviruscare: Australia says it will secure 85 million doses of a COVID19 vaccine if two promising trials prove successful.  Aussieâ€¦,neutral,0.31718,0.06345,0.61938,,,,0,0,0,1303320627462328320
covid-vaccine-australia,HarrisHeidi, https://twitter.com/HarrisHeidi,2020-11-10 19:48:55,https://twitter.com/i/web/status/1326099508468461568,RT @GregHuntMP: Pfizer has announced it's COVID-19 vaccine is more than 90% effective in preventing the virus.  I spoke w/ Pfizer Australiaâ€¦,positive,0.8201,0.01509,0.16481,,,,0,0,0,1326089072859783168
covid-vaccine-australia,TheNewDailyAu, https://twitter.com/TheNewDailyAu,2020-11-17 14:21:05,https://twitter.com/i/web/status/1328553723799375872,"RT @JoshButler: Hunt points out we've already got a deal for the Pfizer vaccine (which is also an mRNA vaccine, like the Moderna)   Australâ€¦",neutral,0.02146,0.42277,0.55577,,,,0,0,0,1328533649415782400
covid-vaccine-australia,KathyJandM1, https://twitter.com/KathyJandM1,2020-11-16 16:07:26,https://twitter.com/i/web/status/1328218099275816960,https://t.co/WsHDLpwwX8  @realDonaldTrump @SecPompeo @DanScavino @MarkMeadows @PressSec @ScottMorrisonMP @CraigKellyMP @DanielAndrewsMP @VictorianCHO @GregHuntMP @andrewcuomo  HCQ was banned in Australia.ðŸ’”ðŸ˜°Could have saved lives. @zev_dr @rowandean @TheIPA  No need for vaccine! https://t.co/rQsHDu7kST,neutral,0.04993,0.43161,0.51845,Victoria,,,1,1,0,
covid-vaccine-australia,PineappleYT123, https://twitter.com/PineappleYT123,2020-11-16 17:10:27,https://twitter.com/i/web/status/1328233956869738497,"RT @WarwickMcKibbin: The COVID 19 outbreak in SA shows that until there is a vaccine, it is critical to practice low cost social distancingâ€¦",neutral,0.08689,0.23938,0.67373,,,,0,0,0,1328228941694263297
covid-vaccine-australia,sonyaneufeld, https://twitter.com/sonyaneufeld,2020-11-16 09:19:33,https://twitter.com/i/web/status/1328115452250255361,"RT @CentreHealthSec: Enabling access to safe and effective COVID-19 vaccines for our Southeast Asian neighbours will help us reopen, rebuilâ€¦",positive,0.89117,0.0075,0.10133,,,,0,0,0,1328105616401866753
covid-vaccine-australia,suthernx, https://twitter.com/suthernx,2020-11-17 11:13:49,https://twitter.com/i/web/status/1328506594116599808,RT @joshburnsmp: It would be deeply irresponsible for Channel 10 @Channel10AU @ViacomCBSANZ to let Pete Evans on @ImACelebrityAU  He has spâ€¦,negative,0.00777,0.87437,0.11786,,,,0,0,0,1328273672952373248
covid-vaccine-australia,laksithr, https://twitter.com/laksithr,2020-11-17 01:59:15,https://twitter.com/i/web/status/1328367035374469120,RT @newscomauHQ: #BREAKING: US biomedical giant Moderna has announced its #COVID19 vaccine candidate shows nearly 95 per cent efficacy in eâ€¦,positive,0.8352,0.01818,0.14661,Victoria,,,0,0,0,1328316300951576578
covid-vaccine-australia,kimbakit, https://twitter.com/kimbakit,2020-11-16 09:24:42,https://twitter.com/i/web/status/1328116746314674176,RT @tminear: Via @tamsinroses: Australia will be better prepared for future pandemics and flu seasons thanks to a huge vaccine factory thatâ€¦,positive,0.46695,0.08716,0.44589,Victoria,,,0,0,0,1328115752579203072
covid-vaccine-australia,JamesMelville, https://twitter.com/JamesMelville,2020-11-17 18:20:59,https://twitter.com/i/web/status/1328614094203654150,Medical experts in Australia have recommended sending Christmas presents and cards to family and friends at the start of December so they have time to quarantine parcels for a few extra days.   #QuarantineParcels   https://t.co/aELJuzblFM,neutral,0.08422,0.24291,0.67287,Western Australia,,,0,29,0,
covid-vaccine-australia,B4Crisis, https://twitter.com/B4Crisis,2020-11-11 10:18:45,https://twitter.com/i/web/status/1326318412369256449,RT @GregHuntMP: Pfizer has announced it's COVID-19 vaccine is more than 90% effective in preventing the virus.  I spoke w/ Pfizer Australiaâ€¦,positive,0.8201,0.01509,0.16481,ACT,,,0,0,0,1326089072859783168
covid-vaccine-australia,PanoramaSYN, https://twitter.com/PanoramaSYN,2020-11-17 18:45:00,https://twitter.com/i/web/status/1328620138464223238,"Missed the news on the show today? Get your bite-sized news flash here!  South Australia reported three more cases in their new cluster. COVID-19 vaccine researchers Pfizer and Moderna are both reporting more than 90 per cent effectiveness, but are still months from public use. https://t.co/NhtitcuI8y",neutral,0.17294,0.14625,0.68081,Victoria,,,0,0,0,
covid-vaccine-australia,tigerpops69, https://twitter.com/tigerpops69,2020-11-16 13:30:28,https://twitter.com/i/web/status/1328178595387240448,@DunkenKBliths @COVID_Australia And thatâ€™s the fragility with where we are at  with no vaccine out there yet. All about testing and tracing from here..... for all states,neutral,0.05003,0.25865,0.69132,,,,0,0,0,1328115823404191746
covid-vaccine-australia,mgjefferies, https://twitter.com/mgjefferies,2020-11-16 20:58:52,https://twitter.com/i/web/status/1328291438572892167,"RT @WarwickMcKibbin: The COVID 19 outbreak in SA shows that until there is a vaccine, it is critical to practice low cost social distancingâ€¦",neutral,0.08689,0.23938,0.67373,Queensland,,,0,0,0,1328228941694263297
covid-vaccine-australia,Luke_Gero, https://twitter.com/Luke_Gero,2020-11-16 22:28:52,https://twitter.com/i/web/status/1328314091216068609,RT @7NewsBrisbane: South Australia is staring down the barrel of a second wave of COVID-19 - so can we still expect all state borders to reâ€¦,neutral,0.03616,0.27597,0.68786,Queensland,,,0,0,0,1328313751649435648
covid-vaccine-australia,amagickeagle999, https://twitter.com/amagickeagle999,2020-11-17 09:55:25,https://twitter.com/i/web/status/1328486867004575744,RT @joshburnsmp: It would be deeply irresponsible for Channel 10 @Channel10AU @ViacomCBSANZ to let Pete Evans on @ImACelebrityAU  He has spâ€¦,negative,0.00777,0.87437,0.11786,,,,0,0,0,1328273672952373248
covid-vaccine-australia,idgie_68, https://twitter.com/idgie_68,2020-11-17 10:14:25,https://twitter.com/i/web/status/1328491647944912897,RT @joshburnsmp: It would be deeply irresponsible for Channel 10 @Channel10AU @ViacomCBSANZ to let Pete Evans on @ImACelebrityAU  He has spâ€¦,negative,0.00777,0.87437,0.11786,Victoria,,,0,0,0,1328273672952373248
covid-vaccine-australia,snish04, https://twitter.com/snish04,2020-11-17 10:42:05,https://twitter.com/i/web/status/1328498610976112640,RT @joshburnsmp: It would be deeply irresponsible for Channel 10 @Channel10AU @ViacomCBSANZ to let Pete Evans on @ImACelebrityAU  He has spâ€¦,negative,0.00777,0.87437,0.11786,South Australia,,,0,0,0,1328273672952373248
covid-vaccine-australia,steph_brown_aus, https://twitter.com/steph_brown_aus,2020-11-16 20:04:00,https://twitter.com/i/web/status/1328277632010489857,RT @joshburnsmp: It would be deeply irresponsible for Channel 10 @Channel10AU @ViacomCBSANZ to let Pete Evans on @ImACelebrityAU  He has spâ€¦,negative,0.00777,0.87437,0.11786,,,,0,0,0,1328273672952373248
covid-vaccine-australia,MollyDragiewicz, https://twitter.com/MollyDragiewicz,2020-11-17 08:47:09,https://twitter.com/i/web/status/1328469685013135365,"RT @guardian: Morning mail: Hannah Clarke family's plea, new Covid vaccine, female prison population soars https://t.co/n1E02wOyfZ",neutral,0.21964,0.07858,0.70178,,,,0,0,0,1328431886109188096
covid-vaccine-australia,lia232, https://twitter.com/lia232,2020-11-17 15:52:36,https://twitter.com/i/web/status/1328576754269773826,@For_Australia_ I think the government would be quite pleased! The mask wearing is still going strong even though there is no sign of the Covid (and intelligent life) Everything is set in place for the big vaccination!! Daniel Andrews seems more bullet proof than ever.,negative,0.00939,0.98121,0.00939,,,,0,3,0,1328565548272107520
covid-vaccine-australia,MIPS_Australia, https://twitter.com/MIPS_Australia,2020-11-17 10:40:56,https://twitter.com/i/web/status/1328498318331183104,Promising news from @pfizer and @moderna_tx about their mRNA vaccines for #Covid_19!  #GlobalHealthTPA researchers in the @ColinPouton lab are developing new technology to further improve the efficacy of this type of vaccine in the future. #TPATuesday https://t.co/xchVOX2eLT,positive,0.93512,0.0074,0.05748,,,,1,9,0,
covid-vaccine-australia,marshgroup, https://twitter.com/marshgroup,2020-11-12 19:38:34,https://twitter.com/i/web/status/1326821681244073984,RT @PalliThordarson: How are mRNA vaccines made? A chemistâ€™s perspective. TL;DR A DNA plasmid is used as template for the in vitro transcriâ€¦,neutral,0.1164,0.14124,0.74236,,,,0,0,0,1326339931078225920
covid-vaccine-australia,DameShowPony, https://twitter.com/DameShowPony,2020-11-16 14:48:01,https://twitter.com/i/web/status/1328198111911559173,RT @PoliBard: Who in Australia should get the first 5 million doses of any eventual COVID vaccine?,negative,0.01275,0.52551,0.46174,,,,0,0,0,1328156221468119040
covid-vaccine-australia,DameShowPony, https://twitter.com/DameShowPony,2020-11-17 16:05:15,https://twitter.com/i/web/status/1328579938522378245,RT @Sysngn: Why does Australia have to make 3 times the amount of COVID-19 vaccine. Where is it going to and who is paying for it. I don'tâ€¦,negative,0.00239,0.8905,0.10711,,,,0,0,0,1328243210934657025
covid-vaccine-australia,Ninecomau, https://twitter.com/Ninecomau,2020-11-17 16:00:38,https://twitter.com/i/web/status/1328578775022530562,"With two coronavirus vaccines tracking successfully, attention is turning to the monumental task of distributing the vaccine to Australia and the world.  https://t.co/fzdArnMs9W",positive,0.80123,0.01816,0.18061,,,,0,1,0,
covid-vaccine-australia,TulipPenney, https://twitter.com/TulipPenney,2020-11-17 07:00:21,https://twitter.com/i/web/status/1328442808080822273,#PrimeMinister touches down in #Victoria to announce $800 #million #vaccine #factory at #Melbourne Airport https://t.co/XMU1g3Aahr,neutral,0.30658,0.08737,0.60605,ACT,,,0,4,0,
covid-vaccine-australia,nir_eynon, https://twitter.com/nir_eynon,2020-11-17 06:42:49,https://twitter.com/i/web/status/1328438397422080000,Excellent news from @moderna_tx vaccine ðŸ¤ž Australia is waiting for @AstraZeneca with hopes to good news as well ðŸ™Œ  https://t.co/MhJDuEPElu,positive,0.96343,0.00452,0.03205,,,,0,2,0,
covid-vaccine-australia,LizDolphinfluff, https://twitter.com/LizDolphinfluff,2020-11-17 13:00:26,https://twitter.com/i/web/status/1328533427381886977,"RT @JoshButler: health minister Greg Hunt, asked about the Moderna COVID vaccine (94% effective in a new study, but which Australia doesn'tâ€¦",neutral,0.08871,0.19952,0.71177,ACT,,,0,0,0,1328532679537528832
covid-vaccine-australia,7NewsAdelaide, https://twitter.com/7NewsAdelaide,2020-11-16 22:27:31,https://twitter.com/i/web/status/1328313751649492992,South Australia is staring down the barrel of a second wave of COVID-19 - so can we still expect all state borders to reopen by Christmas? Health Minister @GregHuntMP joins The Latest to discuss this and Melbourne's new billion-dollar vaccine production facility. #TheLatest https://t.co/0JjETWMm4j,neutral,0.14039,0.05839,0.80121,South Australia,,,0,1,0,
covid-vaccine-australia,DravidMills, https://twitter.com/DravidMills,2020-11-17 08:15:26,https://twitter.com/i/web/status/1328461702812221441,"Australia New Zealand allied confederation, part of the Pacific league of Commonwealth nations. Aus. asks Islanders to risk covid19 to pick mangoes. Come the mass vaccination how will this be co-ordinated between Australia &amp; our Island friends. Dravid Gidday Kiwi both isolated. https://t.co/R2OnNnsIWA",negative,0.00703,0.78738,0.20559,,,,0,1,0,
covid-vaccine-australia,dfat, https://twitter.com/dfat,2020-11-16 15:51:11,https://twitter.com/i/web/status/1328214011293274112,"RT @CentreHealthSec: Enabling access to safe and effective COVID-19 vaccines for our Southeast Asian neighbours will help us reopen, rebuilâ€¦",positive,0.89117,0.0075,0.10133,,,,0,0,0,1328105616401866753
covid-vaccine-australia,navdeep20141, https://twitter.com/navdeep20141,2020-11-11 00:46:46,https://twitter.com/i/web/status/1326174468016762881,RT @GregHuntMP: Pfizer has announced it's COVID-19 vaccine is more than 90% effective in preventing the virus.  I spoke w/ Pfizer Australiaâ€¦,positive,0.8201,0.01509,0.16481,,,,0,0,0,1326089072859783168
covid-vaccine-australia,LiberalAus, https://twitter.com/LiberalAus,2020-11-11 14:33:56,https://twitter.com/i/web/status/1326382628040290305,RT @GregHuntMP: Pfizer has announced it's COVID-19 vaccine is more than 90% effective in preventing the virus.  I spoke w/ Pfizer Australiaâ€¦,positive,0.8201,0.01509,0.16481,ACT,,,0,0,0,1326089072859783168
covid-vaccine-australia,Kirstyleegibson, https://twitter.com/Kirstyleegibson,2020-11-11 00:33:47,https://twitter.com/i/web/status/1326171197365653515,RT @GregHuntMP: Pfizer has announced it's COVID-19 vaccine is more than 90% effective in preventing the virus.  I spoke w/ Pfizer Australiaâ€¦,positive,0.8201,0.01509,0.16481,,,,0,0,0,1326089072859783168
covid-vaccine-australia,KerryAnnSmith1, https://twitter.com/KerryAnnSmith1,2020-11-17 09:48:10,https://twitter.com/i/web/status/1328485041064669186,RT @joshburnsmp: It would be deeply irresponsible for Channel 10 @Channel10AU @ViacomCBSANZ to let Pete Evans on @ImACelebrityAU  He has spâ€¦,negative,0.00777,0.87437,0.11786,,,,0,0,0,1328273672952373248
covid-vaccine-australia,maxwellyoung111, https://twitter.com/maxwellyoung111,2020-11-16 18:14:34,https://twitter.com/i/web/status/1328250093313540097,RT @Sysngn: Why does Australia have to make 3 times the amount of COVID-19 vaccine. Where is it going to and who is paying for it. I don'tâ€¦,negative,0.00239,0.8905,0.10711,,,,0,0,0,1328243210934657025
covid-vaccine-australia,anthonygrima, https://twitter.com/anthonygrima,2020-11-10 20:27:32,https://twitter.com/i/web/status/1326109229044826114,RT @GregHuntMP: Pfizer has announced it's COVID-19 vaccine is more than 90% effective in preventing the virus.  I spoke w/ Pfizer Australiaâ€¦,positive,0.8201,0.01509,0.16481,Victoria,,,0,0,0,1326089072859783168
covid-vaccine-australia,orme_duncan, https://twitter.com/orme_duncan,2020-11-16 19:54:34,https://twitter.com/i/web/status/1328275260551008258,RT @Sysngn: Why does Australia have to make 3 times the amount of COVID-19 vaccine. Where is it going to and who is paying for it. I don'tâ€¦,negative,0.00239,0.8905,0.10711,,,,0,0,0,1328243210934657025
covid-vaccine-australia,MDMA_Australia, https://twitter.com/MDMA_Australia,2020-11-16 20:44:47,https://twitter.com/i/web/status/1328287897636618241,RT @joshburnsmp: It would be deeply irresponsible for Channel 10 @Channel10AU @ViacomCBSANZ to let Pete Evans on @ImACelebrityAU  He has spâ€¦,negative,0.00777,0.87437,0.11786,,,,0,0,0,1328273672952373248
covid-vaccine-australia,TristanEdis, https://twitter.com/TristanEdis,2020-11-16 17:20:57,https://twitter.com/i/web/status/1328236598719221761,"RT @WarwickMcKibbin: The COVID 19 outbreak in SA shows that until there is a vaccine, it is critical to practice low cost social distancingâ€¦",neutral,0.08689,0.23938,0.67373,,,,0,0,0,1328228941694263297
covid-vaccine-australia,raizaustralia, https://twitter.com/raizaustralia,2020-11-17 07:42:53,https://twitter.com/i/web/status/1328453510556368896,"Aussie #shares to #rally as the Dow closed at a record high as it brought the 30,000 point mark within reach on news of a potential second #vaccine, this one from #Moderna. The #ASX hopes to open as normal at 10am. The #Dow has now returned to its pre-#pandemic level $RZI #tech",neutral,0.39234,0.15843,0.44923,,,,0,4,0,
covid-vaccine-australia,ChloeBouras, https://twitter.com/ChloeBouras,2020-11-17 13:12:08,https://twitter.com/i/web/status/1328536369354850305,"Minister Hunt says Australia could potentially have access to the Moderna COVID vaccine through the COVAX facility, but reiterates the Federal Government already has a deal for an mRNA vaccine (Pfizer). @10NewsFirst",neutral,0.1316,0.19423,0.67417,,,,0,7,0,
covid-vaccine-australia,ftbpineapple, https://twitter.com/ftbpineapple,2020-11-17 19:35:32,https://twitter.com/i/web/status/1328632857196187648,RT @garrcie: being against student loan debt forgiveness because you already paid off your debt is like being against a covid vaccine becauâ€¦,negative,0.00415,0.87089,0.12496,,,,0,0,0,1328412566834524160
covid-vaccine-australia,stephswan62, https://twitter.com/stephswan62,2020-11-16 18:52:17,https://twitter.com/i/web/status/1328259585904402434,RT @DailyMailUK: Back to normal by NEXT Christmas: Airline boss rules out flights between UK and Australia before 'end of 2021' https://t.câ€¦,negative,0.01151,0.70359,0.2849,Western Australia,,,0,0,0,1328238924213473280
covid-vaccine-australia,RituGchandra, https://twitter.com/RituGchandra,2020-11-17 16:38:32,https://twitter.com/i/web/status/1328588315046580231,"RT @mmpadellan: Just want to remind everyone while #WhiteHouseKaren and his idiot Ivanka are trying to take credit for the Moderna vaccine,â€¦",negative,0.00373,0.86409,0.13218,,,,0,0,0,1328367565824024576
covid-vaccine-australia,PaulPaul49, https://twitter.com/PaulPaul49,2020-11-17 19:01:13,https://twitter.com/i/web/status/1328624221212250112,RT @DrEricDing: Key thingâ€”both the new Moderna and Pfizer mRNA vaccines do not contain the virus itselfâ€”just the RNA ðŸ§¬ fragments that encodâ€¦,negative,0.03439,0.49345,0.47216,New South Wales,,,0,0,0,1328362939905171456
covid-vaccine-australia,theheraldsun, https://twitter.com/theheraldsun,2020-11-17 17:00:56,https://twitter.com/i/web/status/1328593948655448067,"The ASX has climbed following Modernaâ€™s announcement that its COVID-19 vaccine was highly effective, as South Australia races to control a worrying cluster. https://t.co/TzNYHvZ3Yl",positive,0.77047,0.02228,0.20726,Victoria,,,0,1,0,
covid-vaccine-australia,CatherineOrr73, https://twitter.com/CatherineOrr73,2020-11-17 15:30:42,https://twitter.com/i/web/status/1328571240802639875,"@NeelaJan @DrPieterPeach Also once we have vaccines which are, at least initially, going to prevent COVID19 disease but not infection, what will countries like Aus/NZ etc do? Vaccinate the essential workers, cocoon the elderly/vulnerable and then let the virus in? Otherwise borders are shut indefinitely?",negative,0.01263,0.71612,0.27125,Victoria,,,0,1,0,1328569572425928705
covid-vaccine-australia,PacificFriends, https://twitter.com/PacificFriends,2020-11-16 14:40:47,https://twitter.com/i/web/status/1328196294247026688,"RT @CentreHealthSec: Enabling access to safe and effective COVID-19 vaccines for our Southeast Asian neighbours will help us reopen, rebuilâ€¦",positive,0.89117,0.0075,0.10133,,,,0,0,0,1328105616401866753
covid-vaccine-australia,BSantipitaks, https://twitter.com/BSantipitaks,2020-11-14 21:08:48,https://twitter.com/i/web/status/1327569165029236736,"RT @MFAThai: PM Prayut emphasised the exchange of info on vaccine development between #ASEAN-#Australia ðŸ‡¦ðŸ‡ºto develop safe, effective, and aâ€¦",positive,0.62183,0.03178,0.34638,,,,0,0,0,1327511207452966913
covid-vaccine-australia,strokefdn, https://twitter.com/strokefdn,2020-11-11 11:29:15,https://twitter.com/i/web/status/1326336151846727681,RT @GregHuntMP: Pfizer has announced it's COVID-19 vaccine is more than 90% effective in preventing the virus.  I spoke w/ Pfizer Australiaâ€¦,positive,0.8201,0.01509,0.16481,,,,0,0,0,1326089072859783168
covid-vaccine-australia,thenickrandolph, https://twitter.com/thenickrandolph,2020-11-17 13:06:52,https://twitter.com/i/web/status/1328535044126740480,"@philiplaureano Wait for it.... as the RNC put it the best is yet to come.... Australia is delusional if they think we're done. As we open up, we're going to have to transition from eradication to learning to live with COVID. This will most likely happen post-vaccine but still has to happen",positive,0.52191,0.0404,0.43769,New South Wales,,,0,0,0,1328534143488016386
covid-vaccine-australia,sm0ked0ut420, https://twitter.com/sm0ked0ut420,2020-11-17 09:36:33,https://twitter.com/i/web/status/1328482116124831744,"@BGPerico Bro, for real.... Ainâ€™t no way Iâ€™m taking that shit!!!!! Also, G, I live in Australia and covid is completely under control here and yet theyâ€™re still hitting us with the â€˜mandatory as possibleâ€™ vaccine. Covid is 911 the sequel. This is how life is now. Sucks.",negative,0.00183,0.94844,0.04973,,,,0,0,0,1328474145462439939
covid-vaccine-australia,CoZza_86, https://twitter.com/CoZza_86,2020-11-02 10:07:15,https://twitter.com/i/web/status/1323054026099843074,"RT @CoZza_86: Murdoch Childrenâ€™s Research Institute to trial preventative vaccine for COVID-19 healthcare workers  Friday, March 27, 2020 ï¿¼â€¦",neutral,0.28297,0.08786,0.62918,Western Australia,,,0,0,0,1321682617188544512
covid-vaccine-australia,CoZza_86, https://twitter.com/CoZza_86,2020-11-17 11:09:12,https://twitter.com/i/web/status/1328505432508272640,"RT @CoZza_86: Murdoch Childrenâ€™s Research Institute to trial preventative vaccine for COVID-19 healthcare workers  Friday, March 27, 2020 ï¿¼â€¦",neutral,0.28297,0.08786,0.62918,Western Australia,,,0,0,0,1321682617188544512
covid-vaccine-australia,CoZza_86, https://twitter.com/CoZza_86,2020-11-17 16:25:27,https://twitter.com/i/web/status/1328585020701888513,RT @InfectedBloodAu: @CoZza_86 The article doesn't mention the foreign blood that was 'mixed' into Australia's blood supply by Covid19 vaccâ€¦,negative,0.00427,0.83651,0.15922,Western Australia,,,0,0,0,1328582813478694921
covid-vaccine-australia,10NewsFirstAdl, https://twitter.com/10NewsFirstAdl,2020-11-17 13:12:18,https://twitter.com/i/web/status/1328536412572925952,"RT @ChloeBouras: Minister Hunt says Australia could potentially have access to the Moderna COVID vaccine through the COVAX facility, but reâ€¦",neutral,0.07053,0.19498,0.73449,South Australia,,,0,0,0,1328536369354850305
covid-vaccine-australia,MaluaBayReiver, https://twitter.com/MaluaBayReiver,2020-11-16 20:27:46,https://twitter.com/i/web/status/1328283615847874560,RT @Sysngn: Why does Australia have to make 3 times the amount of COVID-19 vaccine. Where is it going to and who is paying for it. I don'tâ€¦,negative,0.00239,0.8905,0.10711,New South Wales,,,0,0,0,1328243210934657025
covid-vaccine-australia,WizePenguin, https://twitter.com/WizePenguin,2020-11-17 20:16:08,https://twitter.com/i/web/status/1328643074835107840,More people die from flu with a vaccine than coronavirus without one: Alan Jones | Sky News Australia https://t.co/so4dBA8Y8N   LISTEN TO ALAN JONES of SKY NEWS AUSTRALIA.,neutral,0.12363,0.09671,0.77966,,,,0,0,0,
covid-vaccine-australia,Sysngn, https://twitter.com/Sysngn,2020-11-16 17:47:13,https://twitter.com/i/web/status/1328243210934657025,Why does Australia have to make 3 times the amount of COVID-19 vaccine. Where is it going to and who is paying for it. I don't trust politicians telling us that they have our best interests at heart considering they have already sold us out with China,negative,0.00154,0.94041,0.05805,New South Wales,,,8,191,0,
covid-vaccine-australia,MerrynPyper, https://twitter.com/MerrynPyper,2020-11-14 03:22:40,https://twitter.com/i/web/status/1327300861379297280,"RT @AusBT: Under the new National Vaccination Policy, proof of Covid-19 vaccination may be mandatory for all visitors to Australia from 202â€¦",neutral,0.04656,0.31187,0.64157,,,,0,0,0,1327118718716014593
covid-vaccine-australia,JonathanGwood, https://twitter.com/JonathanGwood,2020-11-17 10:35:28,https://twitter.com/i/web/status/1328496943501254662,RT @joshburnsmp: It would be deeply irresponsible for Channel 10 @Channel10AU @ViacomCBSANZ to let Pete Evans on @ImACelebrityAU  He has spâ€¦,negative,0.00777,0.87437,0.11786,Victoria,,,0,0,0,1328273672952373248
covid-vaccine-australia,ProfTimStephens, https://twitter.com/ProfTimStephens,2020-11-16 17:20:46,https://twitter.com/i/web/status/1328236552506404864,"RT @WarwickMcKibbin: The COVID 19 outbreak in SA shows that until there is a vaccine, it is critical to practice low cost social distancingâ€¦",neutral,0.08689,0.23938,0.67373,New South Wales,,,0,0,0,1328228941694263297
covid-vaccine-australia,JulieMcCrossin, https://twitter.com/JulieMcCrossin,2020-11-17 20:32:32,https://twitter.com/i/web/status/1328647203066318853,Coronavirus vaccine: Two jabs fast-tracked for approval ðŸ¦˜ðŸ¦˜ðŸ¦˜ðŸ¦˜ðŸ¦˜ðŸ¦˜ https://t.co/EZWJIK7PAj,neutral,0.40193,0.08079,0.51727,New South Wales,,,0,0,0,
covid-vaccine-australia,protect_the_CFA, https://twitter.com/protect_the_CFA,2020-11-16 11:11:26,https://twitter.com/i/web/status/1328143607048458240,RT @tminear: Via @tamsinroses: Australia will be better prepared for future pandemics and flu seasons thanks to a huge vaccine factory thatâ€¦,positive,0.46695,0.08716,0.44589,Victoria,,,0,0,0,1328115752579203072
covid-vaccine-australia,7NewsPerth, https://twitter.com/7NewsPerth,2020-11-16 22:27:31,https://twitter.com/i/web/status/1328313751666270209,South Australia is staring down the barrel of a second wave of COVID-19 - so can we still expect all state borders to reopen by Christmas? Health Minister @GregHuntMP joins The Latest to discuss this and Melbourne's new billion-dollar vaccine production facility. #TheLatest https://t.co/V5TcnMhPay,neutral,0.14039,0.05839,0.80121,Western Australia,,,0,1,0,
covid-vaccine-australia,dtgill, https://twitter.com/dtgill,2020-11-16 16:51:39,https://twitter.com/i/web/status/1328229226504351745,"â€œI will not cease from mental fight, Nor shall my sword sleep in my hand Till we have built Kangaroosalem In England's green and pleasant laaaandâ€  https://t.co/bF8HkmMV9N",positive,0.5796,0.01932,0.40107,Victoria,,,0,3,0,
covid-vaccine-australia,WarwickMcKibbin, https://twitter.com/WarwickMcKibbin,2020-11-16 16:50:31,https://twitter.com/i/web/status/1328228941694263297,"The COVID 19 outbreak in SA shows that until there is a vaccine, it is critical to practice low cost social distancing and good hygiene even if there are no current cases in your current location. No cases today only means no cases a week ago. COVIDSafe matters. @COVID_Australia",neutral,0.18091,0.1345,0.68459,,,,0,47,0,
covid-vaccine-australia,clairegomez3, https://twitter.com/clairegomez3,2020-11-17 19:29:39,https://twitter.com/i/web/status/1328631375541403649,RT @joshburnsmp: It would be deeply irresponsible for Channel 10 @Channel10AU @ViacomCBSANZ to let Pete Evans on @ImACelebrityAU  He has spâ€¦,negative,0.00777,0.87437,0.11786,,,,0,0,0,1328273672952373248
covid-vaccine-australia,ama_media, https://twitter.com/ama_media,2020-11-17 15:02:00,https://twitter.com/i/web/status/1328564020559945729,"If Australia can maintain high vaccination rates, improved hygiene and a level of social distancing, including wearing masks when unwell and not attending work unwell we  could see a lasting improvement in influenza rates and deaths https://t.co/yeQoKbN8ao",positive,0.71953,0.03303,0.24743,,,,0,11,0,
covid-vaccine-australia,SwankFinnese, https://twitter.com/SwankFinnese,2020-11-17 18:34:47,https://twitter.com/i/web/status/1328617570430226433,RT @garrcie: being against student loan debt forgiveness because you already paid off your debt is like being against a covid vaccine becauâ€¦,negative,0.00415,0.87089,0.12496,Western Australia,,,0,0,0,1328412566834524160
covid-vaccine-australia,horologium, https://twitter.com/horologium,2020-11-13 17:03:28,https://twitter.com/i/web/status/1327145035352170496,"RT @AusBT: Under the new National Vaccination Policy, proof of Covid-19 vaccination may be mandatory for all visitors to Australia from 202â€¦",neutral,0.04656,0.31187,0.64157,,,,0,0,0,1327118718716014593
covid-vaccine-australia,BloombergAU, https://twitter.com/BloombergAU,2020-11-16 12:00:24,https://twitter.com/i/web/status/1328155931880935425,J&amp;J unit to start phase III Covid vaccine trial in U.K. https://t.co/uSKFuBsO7z,neutral,0.33368,0.11646,0.54986,New South Wales,,,1,1,0,
covid-vaccine-australia,BloombergAU, https://twitter.com/BloombergAU,2020-11-16 13:13:57,https://twitter.com/i/web/status/1328174440786616320,"Morgan Stanley strategists say a â€œV-shapedâ€ economic recovery, clarity on Covid-19 vaccines and continued policy support offer a favorable environment for stocks and credit in 2021 https://t.co/8KNzV5PK8p",positive,0.91442,0.01308,0.0725,New South Wales,,,0,1,0,
covid-vaccine-australia,BloombergAU, https://twitter.com/BloombergAU,2020-11-16 15:47:57,https://twitter.com/i/web/status/1328213195186638848,Kuwaitâ€™s Agility Public Warehousing is in close discussions with producers of Covid-19 vaccines and governments to help distribute the shots when they become available https://t.co/SffDS27vE1,positive,0.49284,0.07773,0.42943,New South Wales,,,0,0,0,
covid-vaccine-australia,BloombergAU, https://twitter.com/BloombergAU,2020-11-16 23:00:07,https://twitter.com/i/web/status/1328321952134606855,Moderna's Covid-19 vaccine found to be 94.5% effective in large test with few adverse side effects https://t.co/KNYVaHqXev,positive,0.94032,0.00541,0.05427,New South Wales,,,0,1,0,
covid-vaccine-australia,BloombergAU, https://twitter.com/BloombergAU,2020-11-17 00:01:14,https://twitter.com/i/web/status/1328337333196820482,"A preliminary analysis of data from more than 30,000 volunteers showed Modernaâ€™s vaccine prevented virtually all symptomatic cases of Covid-19 https://t.co/bp02xS2Vxw",positive,0.74113,0.02895,0.22992,New South Wales,,,1,2,0,
covid-vaccine-australia,BloombergAU, https://twitter.com/BloombergAU,2020-11-17 02:28:00,https://twitter.com/i/web/status/1328374267721945090,"News of a second highly effective vaccine against Covid-19 triggered a sharp rally in stocks that would benefit from reopenings, such as cruiseliners, airlines and casinos https://t.co/ExO60bqBeM",positive,0.80025,0.0477,0.15205,New South Wales,,,0,0,0,
covid-vaccine-australia,BloombergAU, https://twitter.com/BloombergAU,2020-11-17 02:58:11,https://twitter.com/i/web/status/1328381866102157312,"The hunt for a Covid-19 vaccine isnâ€™t a winner-take-all race but rather a challenge that will require more than one company to succeed, says BioNTech https://t.co/JtMdvKpaU6",neutral,0.37701,0.14162,0.48137,New South Wales,,,0,0,0,
covid-vaccine-australia,BloombergAU, https://twitter.com/BloombergAU,2020-11-17 03:15:13,https://twitter.com/i/web/status/1328386151154126848,The dollar is likely to begin a drop of as much as 20% in 2021 should Covid-19 vaccines become widely distributed Citigroup says https://t.co/yeVJK7zxgR,neutral,0.11727,0.41143,0.47129,New South Wales,,,0,0,0,
covid-vaccine-australia,BloombergAU, https://twitter.com/BloombergAU,2020-11-17 10:00:26,https://twitter.com/i/web/status/1328488126134804486,Warren Buffettâ€™s Berkshire Hathaway is betting on big pharma as the industryâ€™s fortunes swing on the development of a Covid-19 vaccine and therapeutics https://t.co/pk5oax75qQ,positive,0.68753,0.02779,0.28468,New South Wales,,,0,0,0,
covid-vaccine-australia,BloombergAU, https://twitter.com/BloombergAU,2020-11-17 16:01:41,https://twitter.com/i/web/status/1328579040303837185,Indian stocks rise as favorable initial results for a second Covid-19 vaccine fanned optimism of an exit from the pandemic https://t.co/4H1nLvZPbg,positive,0.74279,0.03101,0.22621,New South Wales,,,0,0,0,
covid-vaccine-australia,BloombergAU, https://twitter.com/BloombergAU,2020-11-17 16:27:55,https://twitter.com/i/web/status/1328585640477417473,"Moderna one-upped Pfizer, offering a Covid-19 vaccine that appears to be equally effective but which doesn't need to be stored in deep-freeze https://t.co/AziQaLk5vp",positive,0.81338,0.02043,0.16619,New South Wales,,,0,0,0,
covid-vaccine-australia,Imforthewhales, https://twitter.com/Imforthewhales,2020-11-16 12:03:19,https://twitter.com/i/web/status/1328156666580279296,RT @PoliBard: Who in Australia should get the first 5 million doses of any eventual COVID vaccine?,negative,0.01275,0.52551,0.46174,New South Wales,,,0,0,0,1328156221468119040
covid-vaccine-australia,7NewsAustralia, https://twitter.com/7NewsAustralia,2020-11-16 22:27:31,https://twitter.com/i/web/status/1328313751645220865,South Australia is staring down the barrel of a second wave of COVID-19 - so can we still expect all state borders to reopen by Christmas? Health Minister @GregHuntMP joins The Latest to discuss this and Melbourne's new billion-dollar vaccine production facility. #TheLatest https://t.co/WJra921X19,neutral,0.14039,0.05839,0.80121,,,,0,5,0,
covid-vaccine-australia,hindmarshisking, https://twitter.com/hindmarshisking,2020-11-16 18:24:43,https://twitter.com/i/web/status/1328252648231825410,RT @Sysngn: Why does Australia have to make 3 times the amount of COVID-19 vaccine. Where is it going to and who is paying for it. I don'tâ€¦,negative,0.00239,0.8905,0.10711,,,,0,0,0,1328243210934657025
covid-vaccine-australia,throse_gd, https://twitter.com/throse_gd,2020-11-16 08:42:16,https://twitter.com/i/web/status/1328106070754029568,"RT @CentreHealthSec: Enabling access to safe and effective COVID-19 vaccines for our Southeast Asian neighbours will help us reopen, rebuilâ€¦",positive,0.89117,0.0075,0.10133,,,,0,0,0,1328105616401866753
covid-vaccine-australia,WINDSONG58, https://twitter.com/WINDSONG58,2020-11-17 18:26:59,https://twitter.com/i/web/status/1328615606715904000,RT @JamesMelville: Medical experts in Australia have recommended sending Christmas presents and cards to family and friends at the start ofâ€¦,neutral,0.26296,0.08094,0.65609,New South Wales,,,0,0,0,1328614094203654150
covid-vaccine-australia,NayaBarham, https://twitter.com/NayaBarham,2020-11-17 13:27:05,https://twitter.com/i/web/status/1328540133226733568,"RT @ChloeBouras: Minister Hunt says Australia could potentially have access to the Moderna COVID vaccine through the COVAX facility, but reâ€¦",neutral,0.07053,0.19498,0.73449,,,,0,0,0,1328536369354850305
covid-vaccine-australia,StageFright_Fbi, https://twitter.com/StageFright_Fbi,2020-11-17 20:02:00,https://twitter.com/i/web/status/1328639515179720707,RT @joshburnsmp: It would be deeply irresponsible for Channel 10 @Channel10AU @ViacomCBSANZ to let Pete Evans on @ImACelebrityAU  He has spâ€¦,negative,0.00777,0.87437,0.11786,New South Wales,,,0,0,0,1328273672952373248
covid-vaccine-australia,michael_dalleh, https://twitter.com/michael_dalleh,2020-11-16 16:28:20,https://twitter.com/i/web/status/1328223357725118464,PM touches down in Victoria to announce $800 million vaccine factory at Melbourne Airport - https://t.co/BmyLQFiPfz,neutral,0.24471,0.09955,0.65575,,,,0,0,0,
covid-vaccine-australia,michael_dalleh, https://twitter.com/michael_dalleh,2020-11-16 21:39:14,https://twitter.com/i/web/status/1328301597194035206,PM touches down in Victoria to announce $800 million vaccine factory at Melbourne Airport - https://t.co/BmyLQFiPfz,neutral,0.24471,0.09955,0.65575,,,,0,0,0,
covid-vaccine-australia,healthtimes_aus, https://twitter.com/healthtimes_aus,2020-11-16 13:18:32,https://twitter.com/i/web/status/1328175594790481920,Government has no plans to make the COVID-19 vaccine mandatory https://t.co/XI9mfNpXNu https://t.co/xHczcaBV7O,negative,0.01642,0.52633,0.45725,,,,0,0,0,
covid-vaccine-australia,7NewsBrisbane, https://twitter.com/7NewsBrisbane,2020-11-16 22:27:31,https://twitter.com/i/web/status/1328313751649435648,South Australia is staring down the barrel of a second wave of COVID-19 - so can we still expect all state borders to reopen by Christmas? Health Minister @GregHuntMP joins The Latest to discuss this and Melbourne's new billion-dollar vaccine production facility. #TheLatest https://t.co/ZprFuNhvLX,neutral,0.14039,0.05839,0.80121,Queensland,,,0,0,0,
covid-vaccine-australia,killerswans05, https://twitter.com/killerswans05,2020-11-16 20:39:27,https://twitter.com/i/web/status/1328286555564171264,RT @Sysngn: Why does Australia have to make 3 times the amount of COVID-19 vaccine. Where is it going to and who is paying for it. I don'tâ€¦,negative,0.00239,0.8905,0.10711,,,,0,0,0,1328243210934657025
covid-vaccine-australia,broomstick33, https://twitter.com/broomstick33,2020-11-17 06:22:11,https://twitter.com/i/web/status/1328433203762262017,RT @tonykevin: Interesting thread on #CSL (formerly publicly owned Commonwealth Serum Laboratories) .The last 20 years in Australia in micrâ€¦,positive,0.63049,0.02198,0.34753,ACT,,,0,0,0,1328430584784330753
covid-vaccine-australia,anandz_imt, https://twitter.com/anandz_imt,2020-11-10 20:00:59,https://twitter.com/i/web/status/1326102546713227264,RT @GregHuntMP: Pfizer has announced it's COVID-19 vaccine is more than 90% effective in preventing the virus.  I spoke w/ Pfizer Australiaâ€¦,positive,0.8201,0.01509,0.16481,,,,0,0,0,1326089072859783168
covid-vaccine-australia,alexbrewster95, https://twitter.com/alexbrewster95,2020-11-17 09:05:28,https://twitter.com/i/web/status/1328474296977506304,RT @joshburnsmp: It would be deeply irresponsible for Channel 10 @Channel10AU @ViacomCBSANZ to let Pete Evans on @ImACelebrityAU  He has spâ€¦,negative,0.00777,0.87437,0.11786,,,,0,0,0,1328273672952373248
covid-vaccine-australia,karlkuehner3250, https://twitter.com/karlkuehner3250,2020-11-17 12:33:02,https://twitter.com/i/web/status/1328526529312169985,RT @joshburnsmp: It would be deeply irresponsible for Channel 10 @Channel10AU @ViacomCBSANZ to let Pete Evans on @ImACelebrityAU  He has spâ€¦,negative,0.00777,0.87437,0.11786,,,,0,0,0,1328273672952373248
covid-vaccine-australia,99gaylamps, https://twitter.com/99gaylamps,2020-11-17 17:35:00,https://twitter.com/i/web/status/1328602523335335937,RT @garrcie: being against student loan debt forgiveness because you already paid off your debt is like being against a covid vaccine becauâ€¦,negative,0.00415,0.87089,0.12496,Western Australia,,,0,0,0,1328412566834524160
covid-vaccine-australia,freedomAU21C, https://twitter.com/freedomAU21C,2020-11-17 20:15:02,https://twitter.com/i/web/status/1328642797247741958,RT @DrEricDing: Key thingâ€”both the new Moderna and Pfizer mRNA vaccines do not contain the virus itselfâ€”just the RNA ðŸ§¬ fragments that encodâ€¦,negative,0.03439,0.49345,0.47216,,,,0,0,0,1328362939905171456
covid-vaccine-australia,Np0200, https://twitter.com/Np0200,2020-11-17 20:34:10,https://twitter.com/i/web/status/1328647612363313152,RT @garrcie: being against student loan debt forgiveness because you already paid off your debt is like being against a covid vaccine becauâ€¦,negative,0.00415,0.87089,0.12496,Western Australia,,,0,0,0,1328412566834524160
covid-vaccine-australia,LiddyDrane, https://twitter.com/LiddyDrane,2020-11-16 19:51:20,https://twitter.com/i/web/status/1328274446621130753,RT @Sysngn: Why does Australia have to make 3 times the amount of COVID-19 vaccine. Where is it going to and who is paying for it. I don'tâ€¦,negative,0.00239,0.8905,0.10711,,,,0,0,0,1328243210934657025
covid-vaccine-australia,tonykevin, https://twitter.com/tonykevin,2020-11-17 06:11:47,https://twitter.com/i/web/status/1328430584784330753,"Interesting thread on #CSL (formerly publicly owned Commonwealth Serum Laboratories) .The last 20 years in Australia in microcosm: Public impoverishment, private profiteering . Now we will pay CSL management&amp;shareholders big $$ to make #COVID #vaccine. #AusPol @abcnews @tonykevin https://t.co/tB9vKg3QfT",neutral,0.09654,0.3943,0.50916,,,,0,4,0,
covid-vaccine-australia,getrubab, https://twitter.com/getrubab,2020-11-17 09:42:56,https://twitter.com/i/web/status/1328483723940007936,"@fawadchaudhry you were crying re 1st world countries taking over the charge of Covid vaccinesâ€™;development and supply chain, do listen to Aussie PMâ€™s presser in CSL Melbourne,he did mention impoverished nations and also go through TLPâ€™s agreement wth govt, U r govt sciencedaan!",neutral,0.04328,0.37576,0.58097,,,,0,0,0,
covid-vaccine-australia,tamsinroses, https://twitter.com/tamsinroses,2020-11-16 10:33:44,https://twitter.com/i/web/status/1328134122041085952,RT @tminear: Via @tamsinroses: Australia will be better prepared for future pandemics and flu seasons thanks to a huge vaccine factory thatâ€¦,positive,0.46695,0.08716,0.44589,ACT,,,0,0,0,1328115752579203072
covid-vaccine-australia,bellabeachbabe, https://twitter.com/bellabeachbabe,2020-11-16 17:02:13,https://twitter.com/i/web/status/1328231884082429952,"RT @WarwickMcKibbin: The COVID 19 outbreak in SA shows that until there is a vaccine, it is critical to practice low cost social distancingâ€¦",neutral,0.08689,0.23938,0.67373,,,,0,0,0,1328228941694263297
covid-vaccine-australia,HecSkill, https://twitter.com/HecSkill,2020-11-17 15:02:28,https://twitter.com/i/web/status/1328564136855351296,RT @DrEricDing: Key thingâ€”both the new Moderna and Pfizer mRNA vaccines do not contain the virus itselfâ€”just the RNA ðŸ§¬ fragments that encodâ€¦,negative,0.03439,0.49345,0.47216,New South Wales,,,0,0,0,1328362939905171456
covid-vaccine-australia,Ranthruredlight, https://twitter.com/Ranthruredlight,2020-11-17 14:47:58,https://twitter.com/i/web/status/1328560489811435520,RT @DrEricDing: Key thingâ€”both the new Moderna and Pfizer mRNA vaccines do not contain the virus itselfâ€”just the RNA ðŸ§¬ fragments that encodâ€¦,negative,0.03439,0.49345,0.47216,Western Australia,,,0,0,0,1328362939905171456
covid-vaccine-australia,911CORLEBRA777, https://twitter.com/911CORLEBRA777,2020-11-17 00:31:23,https://twitter.com/i/web/status/1328344922609512448,"Can't believe this was nearly a year ago. I know our friends outside of Oz are getting hit bad with Covid. Help is on the way. Later winter/ early spring there will be a vaccine. Afterwards, a holiday in Oz sounds good  cc @thespybrief  @JarBomb  @roxydavis99  @MelissaJPeltier https://t.co/G1ZuF8l49x",neutral,0.15733,0.198,0.64467,,,,1,70,0,
covid-vaccine-australia,For_Australia_, https://twitter.com/For_Australia_,2020-11-16 16:29:59,https://twitter.com/i/web/status/1328223775330951170,"RT @For_Australia_: Our Youth Are Prepared To Take Any Covid Vaccine As A Rave/Festival Trade Off #justsayno ðŸ¤ª  *IF you like my free shit,â€¦",neutral,0.04678,0.45027,0.50294,,,,0,0,0,1328106363193462787
covid-vaccine-australia,JessHealyWalton, https://twitter.com/JessHealyWalton,2020-11-17 17:07:48,https://twitter.com/i/web/status/1328595678776397832,RT @joshburnsmp: It would be deeply irresponsible for Channel 10 @Channel10AU @ViacomCBSANZ to let Pete Evans on @ImACelebrityAU  He has spâ€¦,negative,0.00777,0.87437,0.11786,Victoria,,,0,0,0,1328273672952373248
covid-vaccine-australia,mamacatinoz, https://twitter.com/mamacatinoz,2020-11-16 12:35:16,https://twitter.com/i/web/status/1328164704737398784,RT @PoliBard: Who in Australia should get the first 5 million doses of any eventual COVID vaccine?,negative,0.01275,0.52551,0.46174,Victoria,,,0,0,0,1328156221468119040
covid-vaccine-australia,tynemouth, https://twitter.com/tynemouth,2020-11-17 19:23:52,https://twitter.com/i/web/status/1328629922466852866,RT @JamesMelville: Medical experts in Australia have recommended sending Christmas presents and cards to family and friends at the start ofâ€¦,neutral,0.26296,0.08094,0.65609,New South Wales,,,0,0,0,1328614094203654150
covid-vaccine-australia,dr_opatel, https://twitter.com/dr_opatel,2020-11-15 20:07:50,https://twitter.com/i/web/status/1327916210302828545,RT @PalliThordarson: How are mRNA vaccines made? A chemistâ€™s perspective. TL;DR A DNA plasmid is used as template for the in vitro transcriâ€¦,neutral,0.1164,0.14124,0.74236,,,,0,0,0,1326339931078225920
covid-vaccine-australia,linda_mafrici, https://twitter.com/linda_mafrici,2020-10-25 18:13:29,https://twitter.com/i/web/status/1320277287732826113,"RT @YonSolitary: Soon, Australia will allow (re)entry into the country only if you've taken the C19 Vax ðŸ–•  The [Digital Passenger Card] DPâ€¦",neutral,0.02115,0.46445,0.51439,Western Australia,,,0,0,0,1320099402527076352
covid-vaccine-australia,MicheleBence1, https://twitter.com/MicheleBence1,2020-11-17 18:25:21,https://twitter.com/i/web/status/1328615195086778369,RT @joshburnsmp: It would be deeply irresponsible for Channel 10 @Channel10AU @ViacomCBSANZ to let Pete Evans on @ImACelebrityAU  He has spâ€¦,negative,0.00777,0.87437,0.11786,,,,0,0,0,1328273672952373248
covid-vaccine-australia,hqlion, https://twitter.com/hqlion,2020-11-16 19:53:34,https://twitter.com/i/web/status/1328275007970021377,RT @Sysngn: Why does Australia have to make 3 times the amount of COVID-19 vaccine. Where is it going to and who is paying for it. I don'tâ€¦,negative,0.00239,0.8905,0.10711,,,,0,0,0,1328243210934657025
covid-vaccine-australia,chardycatt, https://twitter.com/chardycatt,2020-11-16 12:57:15,https://twitter.com/i/web/status/1328170237376663552,RT @PoliBard: Who in Australia should get the first 5 million doses of any eventual COVID vaccine?,negative,0.01275,0.52551,0.46174,,,,0,0,0,1328156221468119040
covid-vaccine-australia,Jaay_Mercedes, https://twitter.com/Jaay_Mercedes,2020-11-17 15:35:36,https://twitter.com/i/web/status/1328572475958038530,RT @garrcie: being against student loan debt forgiveness because you already paid off your debt is like being against a covid vaccine becauâ€¦,negative,0.00415,0.87089,0.12496,,,,0,0,0,1328412566834524160
covid-vaccine-australia,becetim, https://twitter.com/becetim,2020-11-05 12:11:40,https://twitter.com/i/web/status/1324172498905165824,"RT @ausgov: Two more potential COVID-19 vaccines have been secured for Australians under new agreements, bringing the Australian Governmentâ€¦",neutral,0.38043,0.07169,0.54789,,,,0,0,0,1324169572568752131
covid-vaccine-australia,theTiser, https://twitter.com/theTiser,2020-11-17 11:00:01,https://twitter.com/i/web/status/1328503122080174085,"The #COVID19 fight is heating up with the success of the US-made Moderna &amp; Pfizer vaccines, the latter of which Australia will be among the first to get. https://t.co/hxplNhGEyg",neutral,0.33993,0.10682,0.55325,South Australia,,,0,2,0,
covid-vaccine-australia,GailCoastie, https://twitter.com/GailCoastie,2020-11-17 15:25:38,https://twitter.com/i/web/status/1328569966921191424,"RT @ama_media: If Australia can maintain high vaccination rates, improved hygiene and a level of social distancing, including wearing masksâ€¦",neutral,0.18542,0.07798,0.73661,Queensland,,,0,0,0,1328564020559945729
covid-vaccine-australia,carolyn_kane, https://twitter.com/carolyn_kane,2020-11-16 16:48:14,https://twitter.com/i/web/status/1328228367087316993,"Yep, can see this coming from a mile away. The state premiers might have to take matters into their own hands &amp; close their borders to international travellers if #Morriscum tries this while the pandemic is still raging. AND will they require proof of vaccination to enter Aus? https://t.co/ucljt3zWby",negative,0.00595,0.80239,0.19166,,,,0,1,0,
covid-vaccine-australia,PoliBard, https://twitter.com/PoliBard,2020-11-16 12:01:33,https://twitter.com/i/web/status/1328156221468119040,Who in Australia should get the first 5 million doses of any eventual COVID vaccine?,negative,0.00267,0.85554,0.14179,,,,1,12,0,
covid-vaccine-australia,CTImpactQuality, https://twitter.com/CTImpactQuality,2020-11-16 11:31:17,https://twitter.com/i/web/status/1328148605153099776,"Brilliant keynote from Mark Sullivan, Australian of the year from @MedicinesDev at #BioConnections on what the Pandemic is teaching us about Australiaâ€™s role in medicines &amp; vaccine development. Drug development is one of humanities most complex undertakings #clinicaltrials https://t.co/qT1eQyxq6P",positive,0.96589,0.00194,0.03217,,,,0,3,0,
